filename,class
SOB_B_A-14-22549G-100-019.png,0
SOB_B_A-14-22549AB-100-027.png,0
SOB_B_A-14-22549CD-100-035.png,0
SOB_B_A-14-29960CD-100-006.png,0
SOB_B_A-14-22549G-100-015.png,0
SOB_B_A-14-22549CD-100-009.png,0
SOB_B_A-14-22549CD-100-029.png,0
SOB_B_A-14-22549AB-100-003.png,0
SOB_B_A-14-22549G-100-024.png,0
SOB_B_A-14-22549G-100-012.png,0
SOB_B_A-14-22549AB-100-009.png,0
SOB_B_A-14-22549CD-100-008.png,0
SOB_B_A-14-22549CD-100-003.png,0
SOB_B_A-14-22549G-100-033.png,0
SOB_B_A-14-22549CD-100-027.png,0
SOB_B_A-14-22549G-100-003.png,0
SOB_B_A-14-22549G-100-027.png,0
SOB_B_A-14-22549G-100-032.png,0
SOB_B_A-14-22549AB-100-025.png,0
SOB_B_A-14-22549CD-100-025.png,0
SOB_B_A-14-22549AB-100-017.png,0
SOB_B_A-14-22549G-100-031.png,0
SOB_B_A-14-22549AB-100-014.png,0
SOB_B_A-14-22549AB-100-029.png,0
SOB_B_A-14-22549CD-100-021.png,0
SOB_B_A-14-22549AB-100-026.png,0
SOB_B_A-14-22549CD-100-036.png,0
SOB_B_A-14-29960CD-100-007.png,0
SOB_B_A-14-22549G-100-023.png,0
SOB_B_A-14-22549G-100-028.png,0
SOB_B_A-14-22549G-100-007.png,0
SOB_B_A-14-22549AB-100-019.png,0
SOB_B_A-14-22549CD-100-032.png,0
SOB_B_A-14-22549G-100-034.png,0
SOB_B_A-14-22549G-100-018.png,0
SOB_B_A-14-29960CD-100-010.png,0
SOB_B_A-14-29960CD-100-008.png,0
SOB_B_A-14-29960CD-100-002.png,0
SOB_B_A-14-29960CD-100-001.png,0
SOB_B_A-14-22549AB-100-002.png,0
SOB_B_A-14-29960CD-100-003.png,0
SOB_B_A-14-22549CD-100-013.png,0
SOB_B_A-14-29960CD-100-004.png,0
SOB_B_A-14-22549AB-100-018.png,0
SOB_B_A-14-22549CD-100-012.png,0
SOB_B_A-14-22549AB-100-004.png,0
SOB_B_A-14-22549AB-100-008.png,0
SOB_B_A-14-22549CD-100-006.png,0
SOB_B_A-14-22549AB-100-012.png,0
SOB_B_A-14-22549CD-100-033.png,0
SOB_B_A-14-22549G-100-004.png,0
SOB_B_A-14-22549G-100-008.png,0
SOB_B_A-14-22549G-100-014.png,0
SOB_B_A-14-22549AB-100-001.png,0
SOB_B_A-14-29960CD-100-011.png,0
SOB_B_A-14-22549CD-100-007.png,0
SOB_B_A-14-22549G-100-021.png,0
SOB_B_A-14-22549G-100-013.png,0
SOB_B_A-14-29960CD-100-013.png,0
SOB_B_A-14-22549AB-100-013.png,0
SOB_B_A-14-22549CD-100-028.png,0
SOB_B_A-14-29960CD-100-009.png,0
SOB_B_A-14-22549G-100-006.png,0
SOB_B_A-14-22549AB-100-024.png,0
SOB_B_A-14-22549G-100-016.png,0
SOB_B_A-14-22549AB-100-006.png,0
SOB_B_A-14-22549G-100-029.png,0
SOB_B_A-14-22549G-100-025.png,0
SOB_B_A-14-22549CD-100-015.png,0
SOB_B_A-14-22549G-100-017.png,0
SOB_B_A-14-22549CD-100-014.png,0
SOB_B_A-14-22549G-100-002.png,0
SOB_B_A-14-22549CD-100-002.png,0
SOB_B_A-14-22549CD-100-018.png,0
SOB_B_A-14-22549G-100-026.png,0
SOB_B_A-14-29960CD-100-005.png,0
SOB_B_A-14-22549AB-100-028.png,0
SOB_B_A-14-22549CD-100-034.png,0
SOB_B_A-14-22549CD-100-020.png,0
SOB_B_A-14-22549AB-100-007.png,0
SOB_B_A-14-22549CD-100-026.png,0
SOB_B_A-14-22549AB-100-016.png,0
SOB_B_A-14-22549G-100-009.png,0
SOB_B_A-14-22549AB-100-023.png,0
SOB_B_A-14-22549CD-100-030.png,0
SOB_B_A-14-22549G-100-022.png,0
SOB_B_A-14-22549CD-100-019.png,0
SOB_B_A-14-22549CD-100-031.png,0
SOB_B_A-14-22549AB-100-010.png,0
SOB_B_A-14-22549CD-100-001.png,0
SOB_B_A-14-22549AB-100-005.png,0
SOB_B_F-14-21998EF-100-011.png,1
SOB_B_F-14-21998EF-100-031.png,1
SOB_B_F-14-23060AB-100-003.png,1
SOB_B_F-14-21998EF-100-029.png,1
SOB_B_F-14-14134E-100-004.png,1
SOB_B_F-14-29960AB-100-008.png,1
SOB_B_F-14-14134E-100-008.png,1
SOB_B_F-14-21998EF-100-019.png,1
SOB_B_F-14-21998CD-100-018.png,1
SOB_B_F-14-9133-100-003.png,1
SOB_B_F-14-25197-100-006.png,1
SOB_B_F-14-21998CD-100-005.png,1
SOB_B_F-14-23222AB-100-009.png,1
SOB_B_F-14-21998EF-100-023.png,1
SOB_B_F-14-14134E-100-018.png,1
SOB_B_F-14-14134E-100-028.png,1
SOB_B_F-14-14134E-100-023.png,1
SOB_B_F-14-14134E-100-010.png,1
SOB_B_F-14-9133-100-016.png,1
SOB_B_F-14-21998EF-100-006.png,1
SOB_B_F-14-21998CD-100-029.png,1
SOB_B_F-14-23060AB-100-019.png,1
SOB_B_F-14-14134E-100-005.png,1
SOB_B_F-14-14134-100-030.png,1
SOB_B_F-14-21998EF-100-032.png,1
SOB_B_F-14-25197-100-001.png,1
SOB_B_F-14-23060AB-100-004.png,1
SOB_B_F-14-25197-100-021.png,1
SOB_B_F-14-21998EF-100-004.png,1
SOB_B_F-14-23060AB-100-001.png,1
SOB_B_F-14-9133-100-032.png,1
SOB_B_F-14-23060CD-100-007.png,1
SOB_B_F-14-23222AB-100-006.png,1
SOB_B_F-14-14134-100-006.png,1
SOB_B_F-14-21998EF-100-024.png,1
SOB_B_F-14-23060AB-100-009.png,1
SOB_B_F-14-23060AB-100-014.png,1
SOB_B_F-14-23060AB-100-013.png,1
SOB_B_F-14-21998CD-100-009.png,1
SOB_B_F-14-21998CD-100-026.png,1
SOB_B_F-14-9133-100-005.png,1
SOB_B_F-14-21998EF-100-028.png,1
SOB_B_F-14-23060AB-100-015.png,1
SOB_B_F-14-23060AB-100-008.png,1
SOB_B_F-14-21998CD-100-027.png,1
SOB_B_F-14-14134-100-016.png,1
SOB_B_F-14-9133-100-004.png,1
SOB_B_F-14-21998CD-100-019.png,1
SOB_B_F-14-14134E-100-003.png,1
SOB_B_F-14-14134-100-029.png,1
SOB_B_F-14-14134E-100-020.png,1
SOB_B_F-14-9133-100-024.png,1
SOB_B_F-14-29960AB-100-014.png,1
SOB_B_F-14-14134-100-015.png,1
SOB_B_F-14-25197-100-029.png,1
SOB_B_F-14-23060AB-100-020.png,1
SOB_B_F-14-9133-100-017.png,1
SOB_B_F-14-9133-100-028.png,1
SOB_B_F-14-9133-100-026.png,1
SOB_B_F-14-25197-100-002.png,1
SOB_B_F-14-21998EF-100-026.png,1
SOB_B_F-14-14134E-100-017.png,1
SOB_B_F-14-23060AB-100-021.png,1
SOB_B_F-14-14134E-100-002.png,1
SOB_B_F-14-14134-100-014.png,1
SOB_B_F-14-29960AB-100-007.png,1
SOB_B_F-14-14134E-100-012.png,1
SOB_B_F-14-25197-100-015.png,1
SOB_B_F-14-21998EF-100-008.png,1
SOB_B_F-14-29960AB-100-015.png,1
SOB_B_F-14-14134E-100-032.png,1
SOB_B_F-14-14134E-100-001.png,1
SOB_B_F-14-14134E-100-013.png,1
SOB_B_F-14-25197-100-030.png,1
SOB_B_F-14-23060CD-100-003.png,1
SOB_B_F-14-9133-100-033.png,1
SOB_B_F-14-9133-100-015.png,1
SOB_B_F-14-14134E-100-014.png,1
SOB_B_F-14-23060AB-100-005.png,1
SOB_B_F-14-21998CD-100-003.png,1
SOB_B_F-14-9133-100-001.png,1
SOB_B_F-14-21998EF-100-021.png,1
SOB_B_F-14-21998CD-100-011.png,1
SOB_B_F-14-25197-100-009.png,1
SOB_B_F-14-21998CD-100-022.png,1
SOB_B_F-14-14134E-100-024.png,1
SOB_B_F-14-29960AB-100-013.png,1
SOB_B_F-14-23060CD-100-011.png,1
SOB_B_F-14-25197-100-032.png,1
SOB_B_F-14-14134-100-004.png,1
SOB_B_F-14-14134E-100-029.png,1
SOB_B_F-14-21998EF-100-001.png,1
SOB_B_F-14-23222AB-100-007.png,1
SOB_B_F-14-14134-100-018.png,1
SOB_B_F-14-23060CD-100-006.png,1
SOB_B_F-14-21998CD-100-014.png,1
SOB_B_F-14-23222AB-100-010.png,1
SOB_B_F-14-23060AB-100-017.png,1
SOB_B_F-14-23060CD-100-010.png,1
SOB_B_F-14-9133-100-027.png,1
SOB_B_F-14-14134-100-025.png,1
SOB_B_F-14-9133-100-022.png,1
SOB_B_F-14-25197-100-007.png,1
SOB_B_F-14-14134-100-008.png,1
SOB_B_F-14-29960AB-100-001.png,1
SOB_B_F-14-21998EF-100-018.png,1
SOB_B_F-14-23060CD-100-005.png,1
SOB_B_F-14-23222AB-100-005.png,1
SOB_B_F-14-14134-100-011.png,1
SOB_B_F-14-21998CD-100-030.png,1
SOB_B_F-14-9133-100-010.png,1
SOB_B_F-14-21998EF-100-002.png,1
SOB_B_F-14-9133-100-008.png,1
SOB_B_F-14-29960AB-100-010.png,1
SOB_B_F-14-9133-100-034.png,1
SOB_B_F-14-14134-100-002.png,1
SOB_B_F-14-14134-100-020.png,1
SOB_B_F-14-23222AB-100-008.png,1
SOB_B_F-14-23222AB-100-003.png,1
SOB_B_F-14-14134-100-003.png,1
SOB_B_F-14-9133-100-020.png,1
SOB_B_F-14-21998CD-100-007.png,1
SOB_B_F-14-9133-100-023.png,1
SOB_B_F-14-9133-100-019.png,1
SOB_B_F-14-21998CD-100-002.png,1
SOB_B_F-14-23060CD-100-002.png,1
SOB_B_F-14-23060AB-100-016.png,1
SOB_B_F-14-9133-100-009.png,1
SOB_B_F-14-9133-100-035.png,1
SOB_B_F-14-29960AB-100-006.png,1
SOB_B_F-14-14134E-100-006.png,1
SOB_B_F-14-14134E-100-031.png,1
SOB_B_F-14-21998EF-100-022.png,1
SOB_B_F-14-21998EF-100-010.png,1
SOB_B_F-14-14134-100-022.png,1
SOB_B_F-14-29960AB-100-005.png,1
SOB_B_F-14-21998EF-100-009.png,1
SOB_B_F-14-9133-100-014.png,1
SOB_B_F-14-14134-100-028.png,1
SOB_B_F-14-14134E-100-016.png,1
SOB_B_F-14-14134-100-009.png,1
SOB_B_F-14-14134E-100-015.png,1
SOB_B_F-14-23060AB-100-007.png,1
SOB_B_F-14-14134E-100-022.png,1
SOB_B_F-14-23222AB-100-015.png,1
SOB_B_F-14-29960AB-100-004.png,1
SOB_B_F-14-21998CD-100-025.png,1
SOB_B_F-14-23060AB-100-022.png,1
SOB_B_F-14-25197-100-020.png,1
SOB_B_F-14-14134-100-005.png,1
SOB_B_F-14-25197-100-014.png,1
SOB_B_F-14-14134-100-012.png,1
SOB_B_F-14-14134-100-001.png,1
SOB_B_F-14-25197-100-031.png,1
SOB_B_F-14-21998CD-100-013.png,1
SOB_B_F-14-21998EF-100-027.png,1
SOB_B_F-14-25197-100-012.png,1
SOB_B_F-14-9133-100-031.png,1
SOB_B_F-14-9133-100-018.png,1
SOB_B_F-14-21998CD-100-031.png,1
SOB_B_F-14-25197-100-005.png,1
SOB_B_F-14-21998EF-100-020.png,1
SOB_B_F-14-9133-100-011.png,1
SOB_B_F-14-14134E-100-025.png,1
SOB_B_F-14-21998CD-100-004.png,1
SOB_B_F-14-21998CD-100-021.png,1
SOB_B_F-14-21998CD-100-008.png,1
SOB_B_F-14-14134-100-013.png,1
SOB_B_F-14-14134-100-024.png,1
SOB_B_F-14-25197-100-019.png,1
SOB_B_F-14-23222AB-100-001.png,1
SOB_B_F-14-14134E-100-027.png,1
SOB_B_F-14-14134E-100-021.png,1
SOB_B_F-14-14134-100-007.png,1
SOB_B_F-14-23060CD-100-008.png,1
SOB_B_F-14-29960AB-100-002.png,1
SOB_B_F-14-23060AB-100-012.png,1
SOB_B_F-14-9133-100-006.png,1
SOB_B_F-14-23222AB-100-016.png,1
SOB_B_F-14-14134E-100-011.png,1
SOB_B_F-14-9133-100-007.png,1
SOB_B_F-14-25197-100-008.png,1
SOB_B_F-14-21998EF-100-015.png,1
SOB_B_F-14-21998CD-100-012.png,1
SOB_B_F-14-23222AB-100-002.png,1
SOB_B_F-14-23222AB-100-004.png,1
SOB_B_F-14-21998EF-100-033.png,1
SOB_B_F-14-14134-100-026.png,1
SOB_B_F-14-21998EF-100-016.png,1
SOB_B_F-14-14134E-100-019.png,1
SOB_B_F-14-21998CD-100-023.png,1
SOB_B_F-14-25197-100-026.png,1
SOB_B_F-14-21998CD-100-020.png,1
SOB_B_F-14-25197-100-013.png,1
SOB_B_F-14-9133-100-029.png,1
SOB_B_F-14-29960AB-100-003.png,1
SOB_B_F-14-23222AB-100-013.png,1
SOB_B_F-14-21998EF-100-013.png,1
SOB_B_F-14-21998EF-100-025.png,1
SOB_B_F-14-21998CD-100-017.png,1
SOB_B_F-14-23222AB-100-014.png,1
SOB_B_F-14-21998EF-100-003.png,1
SOB_B_F-14-23060CD-100-009.png,1
SOB_B_F-14-14134-100-019.png,1
SOB_B_F-14-21998EF-100-007.png,1
SOB_B_F-14-25197-100-010.png,1
SOB_B_F-14-9133-100-002.png,1
SOB_B_F-14-14134-100-031.png,1
SOB_B_PT-14-21998AB-100-031.png,2
SOB_B_PT-14-21998AB-100-023.png,2
SOB_B_PT-14-29315EF-100-005.png,2
SOB_B_PT-14-21998AB-100-059.png,2
SOB_B_PT-14-22704-100-031.png,2
SOB_B_PT-14-22704-100-033.png,2
SOB_B_PT-14-21998AB-100-028.png,2
SOB_B_PT-14-21998AB-100-046.png,2
SOB_B_PT-14-29315EF-100-004.png,2
SOB_B_PT-14-22704-100-013.png,2
SOB_B_PT-14-22704-100-004.png,2
SOB_B_PT-14-22704-100-012.png,2
SOB_B_PT-14-21998AB-100-012.png,2
SOB_B_PT-14-22704-100-023.png,2
SOB_B_PT-14-21998AB-100-001.png,2
SOB_B_PT-14-22704-100-008.png,2
SOB_B_PT-14-21998AB-100-064.png,2
SOB_B_PT-14-21998AB-100-040.png,2
SOB_B_PT-14-29315EF-100-006.png,2
SOB_B_PT-14-22704-100-011.png,2
SOB_B_PT-14-21998AB-100-062.png,2
SOB_B_PT-14-21998AB-100-009.png,2
SOB_B_PT-14-22704-100-034.png,2
SOB_B_PT-14-21998AB-100-014.png,2
SOB_B_PT-14-21998AB-100-066.png,2
SOB_B_PT-14-29315EF-100-003.png,2
SOB_B_PT-14-22704-100-018.png,2
SOB_B_PT-14-29315EF-100-009.png,2
SOB_B_PT-14-22704-100-022.png,2
SOB_B_PT-14-21998AB-100-021.png,2
SOB_B_PT-14-29315EF-100-016.png,2
SOB_B_PT-14-22704-100-006.png,2
SOB_B_PT-14-21998AB-100-061.png,2
SOB_B_PT-14-21998AB-100-043.png,2
SOB_B_PT-14-21998AB-100-063.png,2
SOB_B_PT-14-29315EF-100-010.png,2
SOB_B_PT-14-21998AB-100-032.png,2
SOB_B_PT-14-22704-100-027.png,2
SOB_B_PT-14-22704-100-019.png,2
SOB_B_PT-14-21998AB-100-041.png,2
SOB_B_PT-14-21998AB-100-052.png,2
SOB_B_PT-14-21998AB-100-010.png,2
SOB_B_PT-14-21998AB-100-007.png,2
SOB_B_PT-14-21998AB-100-017.png,2
SOB_B_PT-14-22704-100-025.png,2
SOB_B_PT-14-21998AB-100-022.png,2
SOB_B_PT-14-21998AB-100-055.png,2
SOB_B_PT-14-22704-100-020.png,2
SOB_B_PT-14-22704-100-028.png,2
SOB_B_PT-14-21998AB-100-049.png,2
SOB_B_PT-14-22704-100-030.png,2
SOB_B_PT-14-21998AB-100-054.png,2
SOB_B_PT-14-29315EF-100-011.png,2
SOB_B_PT-14-21998AB-100-026.png,2
SOB_B_PT-14-29315EF-100-008.png,2
SOB_B_PT-14-22704-100-024.png,2
SOB_B_PT-14-22704-100-002.png,2
SOB_B_PT-14-29315EF-100-012.png,2
SOB_B_PT-14-22704-100-014.png,2
SOB_B_PT-14-22704-100-029.png,2
SOB_B_PT-14-29315EF-100-001.png,2
SOB_B_PT-14-21998AB-100-051.png,2
SOB_B_PT-14-22704-100-015.png,2
SOB_B_PT-14-22704-100-039.png,2
SOB_B_PT-14-22704-100-005.png,2
SOB_B_PT-14-21998AB-100-005.png,2
SOB_B_PT-14-21998AB-100-029.png,2
SOB_B_PT-14-22704-100-001.png,2
SOB_B_PT-14-29315EF-100-002.png,2
SOB_B_PT-14-22704-100-035.png,2
SOB_B_PT-14-22704-100-016.png,2
SOB_B_PT-14-22704-100-010.png,2
SOB_B_PT-14-22704-100-026.png,2
SOB_B_PT-14-21998AB-100-008.png,2
SOB_B_PT-14-21998AB-100-020.png,2
SOB_B_PT-14-21998AB-100-024.png,2
SOB_B_PT-14-22704-100-038.png,2
SOB_B_PT-14-21998AB-100-019.png,2
SOB_B_PT-14-21998AB-100-060.png,2
SOB_B_PT-14-22704-100-021.png,2
SOB_B_PT-14-21998AB-100-048.png,2
SOB_B_PT-14-21998AB-100-025.png,2
SOB_B_PT-14-29315EF-100-007.png,2
SOB_B_PT-14-21998AB-100-056.png,2
SOB_B_PT-14-22704-100-017.png,2
SOB_B_PT-14-21998AB-100-036.png,2
SOB_B_PT-14-29315EF-100-013.png,2
SOB_B_PT-14-21998AB-100-053.png,2
SOB_B_PT-14-21998AB-100-034.png,2
SOB_B_PT-14-21998AB-100-015.png,2
SOB_B_PT-14-21998AB-100-044.png,2
SOB_B_PT-14-22704-100-032.png,2
SOB_B_PT-14-22704-100-007.png,2
SOB_B_PT-14-21998AB-100-042.png,2
SOB_B_PT-14-22704-100-037.png,2
SOB_B_PT-14-21998AB-100-038.png,2
SOB_B_PT-14-29315EF-100-014.png,2
SOB_B_TA-14-15275-100-012.png,3
SOB_B_TA-14-15275-100-006.png,3
SOB_B_TA-14-16184CD-100-015.png,3
SOB_B_TA-14-16184-100-008.png,3
SOB_B_TA-14-19854C-100-006.png,3
SOB_B_TA-14-16184CD-100-026.png,3
SOB_B_TA-14-16184CD-100-025.png,3
SOB_B_TA-14-16184-100-007.png,3
SOB_B_TA-14-16184-100-024.png,3
SOB_B_TA-14-13200-100-001.png,3
SOB_B_TA-14-16184-100-004.png,3
SOB_B_TA-14-19854C-100-014.png,3
SOB_B_TA-14-13200-100-007.png,3
SOB_B_TA-14-16184-100-017.png,3
SOB_B_TA-14-15275-100-001.png,3
SOB_B_TA-14-21978AB-100-005.png,3
SOB_B_TA-14-16184CD-100-035.png,3
SOB_B_TA-14-3411F-100-017.png,3
SOB_B_TA-14-13200-100-005.png,3
SOB_B_TA-14-16184CD-100-033.png,3
SOB_B_TA-14-19854C-100-002.png,3
SOB_B_TA-14-21978AB-100-003.png,3
SOB_B_TA-14-19854C-100-001.png,3
SOB_B_TA-14-19854C-100-008.png,3
SOB_B_TA-14-16184-100-011.png,3
SOB_B_TA-14-19854C-100-010.png,3
SOB_B_TA-14-21978AB-100-002.png,3
SOB_B_TA-14-16184CD-100-014.png,3
SOB_B_TA-14-16184-100-019.png,3
SOB_B_TA-14-16184CD-100-030.png,3
SOB_B_TA-14-16184-100-029.png,3
SOB_B_TA-14-19854C-100-012.png,3
SOB_B_TA-14-13200-100-009.png,3
SOB_B_TA-14-16184-100-021.png,3
SOB_B_TA-14-21978AB-100-011.png,3
SOB_B_TA-14-16184-100-023.png,3
SOB_B_TA-14-16184CD-100-008.png,3
SOB_B_TA-14-15275-100-007.png,3
SOB_B_TA-14-16184-100-002.png,3
SOB_B_TA-14-21978AB-100-017.png,3
SOB_B_TA-14-15275-100-009.png,3
SOB_B_TA-14-16184CD-100-011.png,3
SOB_B_TA-14-19854C-100-013.png,3
SOB_B_TA-14-3411F-100-001.png,3
SOB_B_TA-14-16184CD-100-037.png,3
SOB_B_TA-14-16184CD-100-002.png,3
SOB_B_TA-14-16184-100-018.png,3
SOB_B_TA-14-21978AB-100-008.png,3
SOB_B_TA-14-16184CD-100-013.png,3
SOB_B_TA-14-19854C-100-016.png,3
SOB_B_TA-14-3411F-100-009.png,3
SOB_B_TA-14-16184CD-100-018.png,3
SOB_B_TA-14-16184CD-100-006.png,3
SOB_B_TA-14-16184-100-028.png,3
SOB_B_TA-14-15275-100-005.png,3
SOB_B_TA-14-3411F-100-003.png,3
SOB_B_TA-14-15275-100-013.png,3
SOB_B_TA-14-16184CD-100-031.png,3
SOB_B_TA-14-16184-100-026.png,3
SOB_B_TA-14-16184-100-030.png,3
SOB_B_TA-14-19854C-100-005.png,3
SOB_B_TA-14-16184-100-027.png,3
SOB_B_TA-14-19854C-100-011.png,3
SOB_B_TA-14-16184-100-014.png,3
SOB_B_TA-14-16184CD-100-036.png,3
SOB_B_TA-14-21978AB-100-018.png,3
SOB_B_TA-14-16184CD-100-020.png,3
SOB_B_TA-14-16184CD-100-019.png,3
SOB_B_TA-14-16184-100-016.png,3
SOB_B_TA-14-3411F-100-012.png,3
SOB_B_TA-14-13200-100-014.png,3
SOB_B_TA-14-16184CD-100-016.png,3
SOB_B_TA-14-3411F-100-010.png,3
SOB_B_TA-14-16184-100-015.png,3
SOB_B_TA-14-16184CD-100-021.png,3
SOB_B_TA-14-16184CD-100-032.png,3
SOB_B_TA-14-3411F-100-005.png,3
SOB_B_TA-14-21978AB-100-004.png,3
SOB_B_TA-14-16184CD-100-017.png,3
SOB_B_TA-14-16184CD-100-024.png,3
SOB_B_TA-14-16184-100-009.png,3
SOB_B_TA-14-21978AB-100-015.png,3
SOB_B_TA-14-19854C-100-009.png,3
SOB_B_TA-14-16184CD-100-022.png,3
SOB_B_TA-14-16184-100-013.png,3
SOB_B_TA-14-13200-100-004.png,3
SOB_B_TA-14-13200-100-003.png,3
SOB_B_TA-14-16184-100-006.png,3
SOB_B_TA-14-16184-100-022.png,3
SOB_B_TA-14-21978AB-100-001.png,3
SOB_B_TA-14-21978AB-100-014.png,3
SOB_B_TA-14-19854C-100-003.png,3
SOB_B_TA-14-16184-100-001.png,3
SOB_B_TA-14-13200-100-002.png,3
SOB_B_TA-14-15275-100-002.png,3
SOB_B_TA-14-16184CD-100-003.png,3
SOB_B_TA-14-3411F-100-013.png,3
SOB_B_TA-14-3411F-100-006.png,3
SOB_B_TA-14-13200-100-006.png,3
SOB_B_TA-14-16184-100-003.png,3
SOB_B_TA-14-15275-100-003.png,3
SOB_B_TA-14-21978AB-100-016.png,3
SOB_B_TA-14-21978AB-100-010.png,3
SOB_B_TA-14-13200-100-011.png,3
SOB_B_TA-14-21978AB-100-007.png,3
SOB_B_TA-14-16184CD-100-023.png,3
SOB_B_TA-14-15275-100-010.png,3
SOB_B_TA-14-21978AB-100-012.png,3
SOB_B_TA-14-16184-100-012.png,3
SOB_B_TA-14-13200-100-012.png,3
SOB_B_TA-14-16184CD-100-012.png,3
SOB_B_TA-14-16184CD-100-028.png,3
SOB_B_TA-14-3411F-100-008.png,3
SOB_B_TA-14-16184-100-020.png,3
SOB_B_TA-14-16184-100-033.png,3
SOB_B_TA-14-15275-100-004.png,3
SOB_B_TA-14-3411F-100-015.png,3
SOB_B_TA-14-3411F-100-014.png,3
SOB_B_TA-14-15275-100-014.png,3
SOB_B_TA-14-19854C-100-004.png,3
SOB_M_DC-14-20636-100-015.png,4
SOB_M_DC-14-5287-100-004.png,4
SOB_M_DC-14-12312-100-024.png,4
SOB_M_DC-14-18650-100-002.png,4
SOB_M_DC-14-4372-100-006.png,4
SOB_M_DC-14-13993-100-016.png,4
SOB_M_DC-14-11520-100-006.png,4
SOB_M_DC-14-4372-100-010.png,4
SOB_M_DC-14-6241-100-004.png,4
SOB_M_DC-14-14946-100-015.png,4
SOB_M_DC-14-10926-100-003.png,4
SOB_M_DC-14-4372-100-003.png,4
SOB_M_DC-14-12312-100-038.png,4
SOB_M_DC-14-16336-100-002.png,4
SOB_M_DC-14-13993-100-010.png,4
SOB_M_DC-14-14015-100-027.png,4
SOB_M_DC-14-14946-100-020.png,4
SOB_M_DC-14-20629-100-003.png,4
SOB_M_DC-14-11520-100-007.png,4
SOB_M_DC-14-16716-100-014.png,4
SOB_M_DC-14-10926-100-010.png,4
SOB_M_DC-14-2523-100-027.png,4
SOB_M_DC-14-5695-100-020.png,4
SOB_M_DC-14-6241-100-008.png,4
SOB_M_DC-14-20636-100-005.png,4
SOB_M_DC-14-3909-100-004.png,4
SOB_M_DC-14-16875-100-010.png,4
SOB_M_DC-14-2985-100-008.png,4
SOB_M_DC-14-15696-100-013.png,4
SOB_M_DC-14-16875-100-006.png,4
SOB_M_DC-14-17901-100-025.png,4
SOB_M_DC-14-16336-100-017.png,4
SOB_M_DC-14-20629-100-010.png,4
SOB_M_DC-14-12312-100-026.png,4
SOB_M_DC-14-3909-100-014.png,4
SOB_M_DC-14-17614-100-024.png,4
SOB_M_DC-14-9461-100-007.png,4
SOB_M_DC-14-16601-100-009.png,4
SOB_M_DC-14-17614-100-007.png,4
SOB_M_DC-14-9461-100-006.png,4
SOB_M_DC-14-16716-100-010.png,4
SOB_M_DC-14-5694-100-020.png,4
SOB_M_DC-14-3909-100-019.png,4
SOB_M_DC-14-16875-100-014.png,4
SOB_M_DC-14-15572-100-017.png,4
SOB_M_DC-14-2985-100-007.png,4
SOB_M_DC-14-2773-100-016.png,4
SOB_M_DC-14-14926-100-012.png,4
SOB_M_DC-14-16336-100-007.png,4
SOB_M_DC-14-13412-100-003.png,4
SOB_M_DC-14-5287-100-019.png,4
SOB_M_DC-14-4372-100-015.png,4
SOB_M_DC-14-6241-100-014.png,4
SOB_M_DC-14-20629-100-032.png,4
SOB_M_DC-14-12312-100-005.png,4
SOB_M_DC-14-11951-100-002.png,4
SOB_M_DC-14-13993-100-013.png,4
SOB_M_DC-14-11951-100-023.png,4
SOB_M_DC-14-3909-100-017.png,4
SOB_M_DC-14-16188-100-017.png,4
SOB_M_DC-14-4372-100-009.png,4
SOB_M_DC-14-17614-100-004.png,4
SOB_M_DC-14-20629-100-014.png,4
SOB_M_DC-14-15792-100-001.png,4
SOB_M_DC-14-20636-100-010.png,4
SOB_M_DC-14-4372-100-011.png,4
SOB_M_DC-14-12312-100-007.png,4
SOB_M_DC-14-13412-100-027.png,4
SOB_M_DC-14-15696-100-022.png,4
SOB_M_DC-14-5695-100-017.png,4
SOB_M_DC-14-17901-100-010.png,4
SOB_M_DC-14-16875-100-009.png,4
SOB_M_DC-14-14926-100-013.png,4
SOB_M_DC-14-9461-100-026.png,4
SOB_M_DC-14-16601-100-011.png,4
SOB_M_DC-14-13412-100-006.png,4
SOB_M_DC-14-16448-100-012.png,4
SOB_M_DC-14-15696-100-006.png,4
SOB_M_DC-14-5287-100-002.png,4
SOB_M_DC-14-11951-100-003.png,4
SOB_M_DC-14-18650-100-001.png,4
SOB_M_DC-14-15572-100-016.png,4
SOB_M_DC-14-20636-100-021.png,4
SOB_M_DC-14-16716-100-020.png,4
SOB_M_DC-14-16716-100-026.png,4
SOB_M_DC-14-16716-100-019.png,4
SOB_M_DC-14-15696-100-003.png,4
SOB_M_DC-14-2980-100-010.png,4
SOB_M_DC-14-11520-100-026.png,4
SOB_M_DC-14-14926-100-011.png,4
SOB_M_DC-14-4364-100-010.png,4
SOB_M_DC-14-15696-100-017.png,4
SOB_M_DC-14-16448-100-010.png,4
SOB_M_DC-14-13412-100-026.png,4
SOB_M_DC-14-2523-100-024.png,4
SOB_M_DC-14-15572-100-011.png,4
SOB_M_DC-14-14946-100-010.png,4
SOB_M_DC-14-5287-100-017.png,4
SOB_M_DC-14-16875-100-018.png,4
SOB_M_DC-14-2773-100-022.png,4
SOB_M_DC-14-13993-100-003.png,4
SOB_M_DC-14-14946-100-004.png,4
SOB_M_DC-14-17901-100-015.png,4
SOB_M_DC-14-5695-100-011.png,4
SOB_M_DC-14-11951-100-001.png,4
SOB_M_DC-14-2980-100-021.png,4
SOB_M_DC-14-4364-100-004.png,4
SOB_M_DC-14-2523-100-036.png,4
SOB_M_DC-14-2773-100-001.png,4
SOB_M_DC-14-4364-100-009.png,4
SOB_M_DC-14-3909-100-016.png,4
SOB_M_DC-14-5695-100-015.png,4
SOB_M_DC-14-16448-100-007.png,4
SOB_M_DC-14-17614-100-012.png,4
SOB_M_DC-14-2980-100-015.png,4
SOB_M_DC-14-14926-100-016.png,4
SOB_M_DC-14-16716-100-027.png,4
SOB_M_DC-14-13993-100-034.png,4
SOB_M_DC-14-15572-100-020.png,4
SOB_M_DC-14-20636-100-011.png,4
SOB_M_DC-14-16336-100-008.png,4
SOB_M_DC-14-10926-100-006.png,4
SOB_M_DC-14-16875-100-020.png,4
SOB_M_DC-14-2980-100-009.png,4
SOB_M_DC-14-11951-100-013.png,4
SOB_M_DC-14-12312-100-025.png,4
SOB_M_DC-14-11951-100-015.png,4
SOB_M_DC-14-17901-100-019.png,4
SOB_M_DC-14-11520-100-010.png,4
SOB_M_DC-14-5694-100-016.png,4
SOB_M_DC-14-11520-100-003.png,4
SOB_M_DC-14-14946-100-017.png,4
SOB_M_DC-14-15792-100-010.png,4
SOB_M_DC-14-16336-100-006.png,4
SOB_M_DC-14-11951-100-008.png,4
SOB_M_DC-14-12312-100-017.png,4
SOB_M_DC-14-12312-100-012.png,4
SOB_M_DC-14-20629-100-009.png,4
SOB_M_DC-14-5694-100-010.png,4
SOB_M_DC-14-5694-100-015.png,4
SOB_M_DC-14-20636-100-012.png,4
SOB_M_DC-14-16448-100-003.png,4
SOB_M_DC-14-16188-100-001.png,4
SOB_M_DC-14-20636-100-019.png,4
SOB_M_DC-14-11951-100-005.png,4
SOB_M_DC-14-9461-100-016.png,4
SOB_M_DC-14-12312-100-015.png,4
SOB_M_DC-14-16188-100-008.png,4
SOB_M_DC-14-11520-100-001.png,4
SOB_M_DC-14-11520-100-004.png,4
SOB_M_DC-14-16448-100-009.png,4
SOB_M_DC-14-3909-100-012.png,4
SOB_M_DC-14-15696-100-012.png,4
SOB_M_DC-14-14926-100-014.png,4
SOB_M_DC-14-17901-100-017.png,4
SOB_M_DC-14-17614-100-028.png,4
SOB_M_DC-14-10926-100-008.png,4
SOB_M_DC-14-20629-100-006.png,4
SOB_M_DC-14-3909-100-018.png,4
SOB_M_DC-14-13412-100-031.png,4
SOB_M_DC-14-17901-100-004.png,4
SOB_M_DC-14-9461-100-021.png,4
SOB_M_DC-14-17915-100-009.png,4
SOB_M_DC-14-11951-100-018.png,4
SOB_M_DC-14-12312-100-002.png,4
SOB_M_DC-14-4364-100-007.png,4
SOB_M_DC-14-13993-100-040.png,4
SOB_M_DC-14-20629-100-017.png,4
SOB_M_DC-14-9461-100-008.png,4
SOB_M_DC-14-9461-100-001.png,4
SOB_M_DC-14-4372-100-016.png,4
SOB_M_DC-14-13993-100-014.png,4
SOB_M_DC-14-12312-100-001.png,4
SOB_M_DC-14-17614-100-008.png,4
SOB_M_DC-14-15792-100-002.png,4
SOB_M_DC-14-2523-100-023.png,4
SOB_M_DC-14-13412-100-018.png,4
SOB_M_DC-14-17915-100-014.png,4
SOB_M_DC-14-2980-100-011.png,4
SOB_M_DC-14-2773-100-008.png,4
SOB_M_DC-14-8168-100-005.png,4
SOB_M_DC-14-12312-100-023.png,4
SOB_M_DC-14-5287-100-015.png,4
SOB_M_DC-14-2523-100-028.png,4
SOB_M_DC-14-15572-100-002.png,4
SOB_M_DC-14-15572-100-006.png,4
SOB_M_DC-14-15792-100-009.png,4
SOB_M_DC-14-5287-100-011.png,4
SOB_M_DC-14-2523-100-038.png,4
SOB_M_DC-14-11031-100-013.png,4
SOB_M_DC-14-15696-100-007.png,4
SOB_M_DC-14-13412-100-008.png,4
SOB_M_DC-14-16716-100-022.png,4
SOB_M_DC-14-17915-100-003.png,4
SOB_M_DC-14-14015-100-025.png,4
SOB_M_DC-14-2773-100-013.png,4
SOB_M_DC-14-15572-100-013.png,4
SOB_M_DC-14-15792-100-006.png,4
SOB_M_DC-14-2773-100-024.png,4
SOB_M_DC-14-12312-100-039.png,4
SOB_M_DC-14-20629-100-025.png,4
SOB_M_DC-14-16188-100-002.png,4
SOB_M_DC-14-13412-100-030.png,4
SOB_M_DC-14-5695-100-014.png,4
SOB_M_DC-14-16875-100-005.png,4
SOB_M_DC-14-8168-100-001.png,4
SOB_M_DC-14-14926-100-007.png,4
SOB_M_DC-14-2773-100-003.png,4
SOB_M_DC-14-20629-100-031.png,4
SOB_M_DC-14-18650-100-013.png,4
SOB_M_DC-14-13993-100-015.png,4
SOB_M_DC-14-18650-100-019.png,4
SOB_M_DC-14-5287-100-021.png,4
SOB_M_DC-14-17614-100-015.png,4
SOB_M_DC-14-15572-100-003.png,4
SOB_M_DC-14-13412-100-016.png,4
SOB_M_DC-14-12312-100-029.png,4
SOB_M_DC-14-14015-100-022.png,4
SOB_M_DC-14-11031-100-010.png,4
SOB_M_DC-14-12312-100-020.png,4
SOB_M_DC-14-16336-100-009.png,4
SOB_M_DC-14-20629-100-033.png,4
SOB_M_DC-14-17915-100-004.png,4
SOB_M_DC-14-14015-100-011.png,4
SOB_M_DC-14-2980-100-006.png,4
SOB_M_DC-14-17614-100-009.png,4
SOB_M_DC-14-11520-100-019.png,4
SOB_M_DC-14-12312-100-041.png,4
SOB_M_DC-14-11951-100-016.png,4
SOB_M_DC-14-16875-100-016.png,4
SOB_M_DC-14-5695-100-001.png,4
SOB_M_DC-14-5287-100-020.png,4
SOB_M_DC-14-11951-100-017.png,4
SOB_M_DC-14-17614-100-026.png,4
SOB_M_DC-14-12312-100-021.png,4
SOB_M_DC-14-3909-100-006.png,4
SOB_M_DC-14-2773-100-010.png,4
SOB_M_DC-14-16448-100-006.png,4
SOB_M_DC-14-11520-100-011.png,4
SOB_M_DC-14-12312-100-036.png,4
SOB_M_DC-14-14946-100-024.png,4
SOB_M_DC-14-14015-100-003.png,4
SOB_M_DC-14-13412-100-020.png,4
SOB_M_DC-14-13412-100-001.png,4
SOB_M_DC-14-9461-100-011.png,4
SOB_M_DC-14-5694-100-009.png,4
SOB_M_DC-14-2523-100-041.png,4
SOB_M_DC-14-5694-100-021.png,4
SOB_M_DC-14-5694-100-019.png,4
SOB_M_DC-14-16875-100-008.png,4
SOB_M_DC-14-14946-100-025.png,4
SOB_M_DC-14-17614-100-006.png,4
SOB_M_DC-14-5694-100-006.png,4
SOB_M_DC-14-2523-100-025.png,4
SOB_M_DC-14-16716-100-030.png,4
SOB_M_DC-14-11951-100-025.png,4
SOB_M_DC-14-14015-100-010.png,4
SOB_M_DC-14-14946-100-029.png,4
SOB_M_DC-14-12312-100-019.png,4
SOB_M_DC-14-20636-100-016.png,4
SOB_M_DC-14-14926-100-010.png,4
SOB_M_DC-14-5694-100-011.png,4
SOB_M_DC-14-2773-100-021.png,4
SOB_M_DC-14-16601-100-003.png,4
SOB_M_DC-14-16336-100-004.png,4
SOB_M_DC-14-2523-100-037.png,4
SOB_M_DC-14-18650-100-004.png,4
SOB_M_DC-14-17901-100-022.png,4
SOB_M_DC-14-13993-100-018.png,4
SOB_M_DC-14-16716-100-006.png,4
SOB_M_DC-14-2773-100-012.png,4
SOB_M_DC-14-14015-100-024.png,4
SOB_M_DC-14-17614-100-018.png,4
SOB_M_DC-14-3909-100-005.png,4
SOB_M_DC-14-6241-100-007.png,4
SOB_M_DC-14-17614-100-023.png,4
SOB_M_DC-14-13412-100-028.png,4
SOB_M_DC-14-14926-100-001.png,4
SOB_M_DC-14-20636-100-022.png,4
SOB_M_DC-14-2980-100-003.png,4
SOB_M_DC-14-2773-100-025.png,4
SOB_M_DC-14-16716-100-035.png,4
SOB_M_DC-14-12312-100-014.png,4
SOB_M_DC-14-14946-100-022.png,4
SOB_M_DC-14-13993-100-009.png,4
SOB_M_DC-14-5287-100-003.png,4
SOB_M_DC-14-16601-100-004.png,4
SOB_M_DC-14-18650-100-010.png,4
SOB_M_DC-14-13993-100-030.png,4
SOB_M_DC-14-20636-100-017.png,4
SOB_M_DC-14-13993-100-008.png,4
SOB_M_DC-14-13412-100-023.png,4
SOB_M_DC-14-17614-100-005.png,4
SOB_M_DC-14-2980-100-019.png,4
SOB_M_DC-14-16716-100-011.png,4
SOB_M_DC-14-12312-100-013.png,4
SOB_M_DC-14-16188-100-012.png,4
SOB_M_DC-14-5287-100-006.png,4
SOB_M_DC-14-13993-100-004.png,4
SOB_M_DC-14-12312-100-035.png,4
SOB_M_DC-14-13993-100-035.png,4
SOB_M_DC-14-5694-100-008.png,4
SOB_M_DC-14-17915-100-001.png,4
SOB_M_DC-14-2773-100-005.png,4
SOB_M_DC-14-9461-100-018.png,4
SOB_M_DC-14-9461-100-032.png,4
SOB_M_DC-14-16875-100-007.png,4
SOB_M_DC-14-11520-100-016.png,4
SOB_M_DC-14-2980-100-013.png,4
SOB_M_DC-14-16716-100-016.png,4
SOB_M_DC-14-16188-100-016.png,4
SOB_M_DC-14-14946-100-028.png,4
SOB_M_DC-14-15572-100-012.png,4
SOB_M_DC-14-14926-100-004.png,4
SOB_M_DC-14-11951-100-006.png,4
SOB_M_DC-14-20629-100-019.png,4
SOB_M_DC-14-16716-100-002.png,4
SOB_M_DC-14-13412-100-002.png,4
SOB_M_DC-14-11031-100-014.png,4
SOB_M_DC-14-9461-100-025.png,4
SOB_M_DC-14-16188-100-015.png,4
SOB_M_DC-14-13412-100-011.png,4
SOB_M_DC-14-16336-100-003.png,4
SOB_M_DC-14-2980-100-004.png,4
SOB_M_DC-14-11031-100-002.png,4
SOB_M_DC-14-16875-100-021.png,4
SOB_M_DC-14-16875-100-017.png,4
SOB_M_DC-14-16716-100-018.png,4
SOB_M_DC-14-17614-100-001.png,4
SOB_M_DC-14-16188-100-014.png,4
SOB_M_DC-14-18650-100-009.png,4
SOB_M_DC-14-4372-100-002.png,4
SOB_M_DC-14-13993-100-039.png,4
SOB_M_DC-14-17614-100-021.png,4
SOB_M_DC-14-6241-100-030.png,4
SOB_M_DC-14-14015-100-016.png,4
SOB_M_DC-14-4364-100-006.png,4
SOB_M_DC-14-20636-100-034.png,4
SOB_M_DC-14-2523-100-033.png,4
SOB_M_DC-14-2773-100-027.png,4
SOB_M_DC-14-17614-100-019.png,4
SOB_M_DC-14-2773-100-006.png,4
SOB_M_DC-14-11951-100-012.png,4
SOB_M_DC-14-2773-100-026.png,4
SOB_M_DC-14-15792-100-007.png,4
SOB_M_DC-14-16875-100-004.png,4
SOB_M_DC-14-13412-100-004.png,4
SOB_M_DC-14-5694-100-005.png,4
SOB_M_DC-14-15696-100-001.png,4
SOB_M_DC-14-14946-100-027.png,4
SOB_M_DC-14-11520-100-015.png,4
SOB_M_DC-14-4372-100-019.png,4
SOB_M_DC-14-20629-100-013.png,4
SOB_M_DC-14-2985-100-005.png,4
SOB_M_DC-14-5695-100-004.png,4
SOB_M_DC-14-5287-100-008.png,4
SOB_M_DC-14-16336-100-014.png,4
SOB_M_DC-14-18650-100-008.png,4
SOB_M_DC-14-20636-100-025.png,4
SOB_M_DC-14-3909-100-003.png,4
SOB_M_DC-14-9461-100-017.png,4
SOB_M_DC-14-2773-100-037.png,4
SOB_M_DC-14-16875-100-003.png,4
SOB_M_DC-14-9461-100-003.png,4
SOB_M_DC-14-13993-100-032.png,4
SOB_M_DC-14-3909-100-001.png,4
SOB_M_DC-14-9461-100-033.png,4
SOB_M_DC-14-11031-100-015.png,4
SOB_M_DC-14-11520-100-014.png,4
SOB_M_DC-14-5695-100-013.png,4
SOB_M_DC-14-14946-100-005.png,4
SOB_M_DC-14-5695-100-010.png,4
SOB_M_DC-14-17901-100-021.png,4
SOB_M_DC-14-20629-100-001.png,4
SOB_M_DC-14-20636-100-035.png,4
SOB_M_DC-14-13993-100-021.png,4
SOB_M_DC-14-14015-100-007.png,4
SOB_M_DC-14-5695-100-005.png,4
SOB_M_DC-14-8168-100-008.png,4
SOB_M_DC-14-13993-100-028.png,4
SOB_M_DC-14-14015-100-002.png,4
SOB_M_DC-14-14946-100-008.png,4
SOB_M_DC-14-14015-100-013.png,4
SOB_M_DC-14-2985-100-004.png,4
SOB_M_DC-14-15572-100-008.png,4
SOB_M_DC-14-15696-100-018.png,4
SOB_M_DC-14-17915-100-016.png,4
SOB_M_DC-14-14015-100-008.png,4
SOB_M_DC-14-6241-100-017.png,4
SOB_M_DC-14-2773-100-015.png,4
SOB_M_DC-14-2523-100-044.png,4
SOB_M_DC-14-14926-100-009.png,4
SOB_M_DC-14-14946-100-032.png,4
SOB_M_DC-14-4364-100-001.png,4
SOB_M_DC-14-13993-100-029.png,4
SOB_M_DC-14-13993-100-001.png,4
SOB_M_DC-14-10926-100-004.png,4
SOB_M_DC-14-4372-100-020.png,4
SOB_M_DC-14-16875-100-019.png,4
SOB_M_DC-14-3909-100-024.png,4
SOB_M_DC-14-4372-100-017.png,4
SOB_M_DC-14-17915-100-011.png,4
SOB_M_DC-14-6241-100-002.png,4
SOB_M_DC-14-14926-100-005.png,4
SOB_M_DC-14-11031-100-017.png,4
SOB_M_DC-14-2773-100-002.png,4
SOB_M_DC-14-20636-100-031.png,4
SOB_M_DC-14-2980-100-023.png,4
SOB_M_DC-14-6241-100-015.png,4
SOB_M_DC-14-17915-100-006.png,4
SOB_M_DC-14-16336-100-010.png,4
SOB_M_DC-14-4372-100-001.png,4
SOB_M_DC-14-14946-100-014.png,4
SOB_M_DC-14-2523-100-029.png,4
SOB_M_DC-14-2773-100-011.png,4
SOB_M_DC-14-14926-100-015.png,4
SOB_M_DC-14-12312-100-006.png,4
SOB_M_DC-14-9461-100-013.png,4
SOB_M_DC-14-2773-100-020.png,4
SOB_M_DC-14-3909-100-009.png,4
SOB_M_DC-14-18650-100-016.png,4
SOB_M_DC-14-20636-100-007.png,4
SOB_M_DC-14-14015-100-017.png,4
SOB_M_DC-14-16601-100-007.png,4
SOB_M_DC-14-17901-100-002.png,4
SOB_M_DC-14-5695-100-003.png,4
SOB_M_DC-14-6241-100-024.png,4
SOB_M_DC-14-13993-100-023.png,4
SOB_M_DC-14-20629-100-030.png,4
SOB_M_DC-14-16188-100-007.png,4
SOB_M_DC-14-14015-100-005.png,4
SOB_M_DC-14-2523-100-045.png,4
SOB_M_DC-14-13412-100-017.png,4
SOB_M_DC-14-16336-100-001.png,4
SOB_M_DC-14-17614-100-022.png,4
SOB_M_DC-14-20629-100-011.png,4
SOB_M_DC-14-10926-100-009.png,4
SOB_M_DC-14-13993-100-011.png,4
SOB_M_DC-14-2985-100-009.png,4
SOB_M_DC-14-2985-100-006.png,4
SOB_M_DC-14-6241-100-005.png,4
SOB_M_DC-14-13993-100-017.png,4
SOB_M_DC-14-17915-100-013.png,4
SOB_M_DC-14-15696-100-010.png,4
SOB_M_DC-14-6241-100-020.png,4
SOB_M_DC-14-20629-100-021.png,4
SOB_M_DC-14-11031-100-011.png,4
SOB_M_DC-14-15696-100-023.png,4
SOB_M_DC-14-14946-100-013.png,4
SOB_M_DC-14-2980-100-012.png,4
SOB_M_DC-14-13412-100-032.png,4
SOB_M_DC-14-16601-100-008.png,4
SOB_M_DC-14-17915-100-007.png,4
SOB_M_DC-14-14926-100-002.png,4
SOB_M_DC-14-20629-100-023.png,4
SOB_M_DC-14-13993-100-036.png,4
SOB_M_DC-14-10926-100-001.png,4
SOB_M_DC-14-11520-100-023.png,4
SOB_M_DC-14-14926-100-019.png,4
SOB_M_DC-14-2773-100-034.png,4
SOB_M_DC-14-11951-100-011.png,4
SOB_M_DC-14-16336-100-016.png,4
SOB_M_DC-14-3909-100-020.png,4
SOB_M_DC-14-14946-100-009.png,4
SOB_M_DC-14-8168-100-003.png,4
SOB_M_DC-14-16601-100-005.png,4
SOB_M_DC-14-2985-100-001.png,4
SOB_M_DC-14-2985-100-010.png,4
SOB_M_DC-14-5694-100-001.png,4
SOB_M_DC-14-17915-100-005.png,4
SOB_M_DC-14-11031-100-007.png,4
SOB_M_DC-14-14946-100-016.png,4
SOB_M_DC-14-14946-100-012.png,4
SOB_M_DC-14-16188-100-005.png,4
SOB_M_DC-14-15572-100-014.png,4
SOB_M_DC-14-20629-100-007.png,4
SOB_M_DC-14-13993-100-026.png,4
SOB_M_DC-14-3909-100-007.png,4
SOB_M_DC-14-13993-100-020.png,4
SOB_M_DC-14-8168-100-010.png,4
SOB_M_DC-14-14946-100-019.png,4
SOB_M_DC-14-11951-100-019.png,4
SOB_M_DC-14-17901-100-014.png,4
SOB_M_DC-14-11520-100-012.png,4
SOB_M_DC-14-14015-100-014.png,4
SOB_M_DC-14-5287-100-016.png,4
SOB_M_DC-14-8168-100-002.png,4
SOB_M_DC-14-20636-100-036.png,4
SOB_M_DC-14-20629-100-015.png,4
SOB_M_DC-14-16188-100-010.png,4
SOB_M_DC-14-9461-100-030.png,4
SOB_M_DC-14-5694-100-013.png,4
SOB_M_DC-14-2773-100-019.png,4
SOB_M_DC-14-20636-100-032.png,4
SOB_M_DC-14-2523-100-032.png,4
SOB_M_DC-14-15572-100-015.png,4
SOB_M_DC-14-15696-100-011.png,4
SOB_M_DC-14-13412-100-010.png,4
SOB_M_DC-14-20629-100-029.png,4
SOB_M_DC-14-18650-100-012.png,4
SOB_M_DC-14-11520-100-020.png,4
SOB_M_DC-14-16336-100-005.png,4
SOB_M_DC-14-2980-100-025.png,4
SOB_M_DC-14-9461-100-040.png,4
SOB_M_DC-14-5287-100-001.png,4
SOB_M_DC-14-13993-100-037.png,4
SOB_M_DC-14-11031-100-005.png,4
SOB_M_DC-14-11031-100-001.png,4
SOB_M_DC-14-20636-100-020.png,4
SOB_M_DC-14-15572-100-009.png,4
SOB_M_DC-14-20629-100-008.png,4
SOB_M_DC-14-2980-100-020.png,4
SOB_M_DC-14-17901-100-013.png,4
SOB_M_DC-14-9461-100-002.png,4
SOB_M_DC-14-16716-100-012.png,4
SOB_M_DC-14-16716-100-021.png,4
SOB_M_DC-14-20636-100-028.png,4
SOB_M_DC-14-14926-100-008.png,4
SOB_M_DC-14-6241-100-026.png,4
SOB_M_DC-14-12312-100-011.png,4
SOB_M_DC-14-15696-100-021.png,4
SOB_M_DC-14-17614-100-013.png,4
SOB_M_DC-14-12312-100-028.png,4
SOB_M_DC-14-3909-100-013.png,4
SOB_M_DC-14-17915-100-002.png,4
SOB_M_DC-14-2773-100-023.png,4
SOB_M_DC-14-17614-100-017.png,4
SOB_M_DC-14-4372-100-008.png,4
SOB_M_DC-14-17614-100-016.png,4
SOB_M_DC-14-17901-100-001.png,4
SOB_M_DC-14-17901-100-023.png,4
SOB_M_DC-14-17901-100-016.png,4
SOB_M_DC-14-16716-100-001.png,4
SOB_M_DC-14-16336-100-019.png,4
SOB_M_DC-14-13412-100-007.png,4
SOB_M_DC-14-5287-100-005.png,4
SOB_M_DC-14-20636-100-023.png,4
SOB_M_DC-14-14015-100-015.png,4
SOB_M_DC-14-14946-100-007.png,4
SOB_M_DC-14-2523-100-039.png,4
SOB_M_DC-14-3909-100-011.png,4
SOB_M_DC-14-16716-100-015.png,4
SOB_M_DC-14-11031-100-009.png,4
SOB_M_DC-14-12312-100-004.png,4
SOB_M_DC-14-16448-100-008.png,4
SOB_M_DC-14-9461-100-027.png,4
SOB_M_DC-14-17915-100-008.png,4
SOB_M_DC-14-3909-100-022.png,4
SOB_M_DC-14-13412-100-025.png,4
SOB_M_DC-14-3909-100-002.png,4
SOB_M_DC-14-2523-100-040.png,4
SOB_M_DC-14-5694-100-007.png,4
SOB_M_DC-14-13412-100-021.png,4
SOB_M_DC-14-5287-100-012.png,4
SOB_M_DC-14-13412-100-009.png,4
SOB_M_DC-14-13993-100-033.png,4
SOB_M_DC-14-14015-100-006.png,4
SOB_M_DC-14-2773-100-014.png,4
SOB_M_DC-14-17915-100-012.png,4
SOB_M_DC-14-16188-100-009.png,4
SOB_M_DC-14-2980-100-007.png,4
SOB_M_DC-14-17901-100-007.png,4
SOB_M_DC-14-13993-100-006.png,4
SOB_M_DC-14-16716-100-024.png,4
SOB_M_DC-14-2980-100-001.png,4
SOB_M_DC-14-9461-100-041.png,4
SOB_M_DC-14-9461-100-010.png,4
SOB_M_DC-14-11951-100-009.png,4
SOB_M_DC-14-16716-100-013.png,4
SOB_M_DC-14-9461-100-039.png,4
SOB_M_DC-14-18650-100-018.png,4
SOB_M_DC-14-16875-100-012.png,4
SOB_M_DC-14-18650-100-017.png,4
SOB_M_DC-14-12312-100-033.png,4
SOB_M_DC-14-6241-100-025.png,4
SOB_M_DC-14-17901-100-018.png,4
SOB_M_DC-14-14946-100-006.png,4
SOB_M_DC-14-11031-100-012.png,4
SOB_M_DC-14-11951-100-021.png,4
SOB_M_DC-14-15696-100-008.png,4
SOB_M_DC-14-15696-100-020.png,4
SOB_M_DC-14-18650-100-014.png,4
SOB_M_DC-14-10926-100-007.png,4
SOB_M_DC-14-2523-100-026.png,4
SOB_M_DC-14-14015-100-021.png,4
SOB_M_DC-14-20636-100-027.png,4
SOB_M_DC-14-11520-100-013.png,4
SOB_M_DC-14-16716-100-004.png,4
SOB_M_DC-14-13993-100-019.png,4
SOB_M_DC-14-2773-100-030.png,4
SOB_M_DC-14-20636-100-009.png,4
SOB_M_DC-14-16716-100-028.png,4
SOB_M_DC-14-5287-100-007.png,4
SOB_M_DC-14-17614-100-002.png,4
SOB_M_DC-14-5695-100-002.png,4
SOB_M_DC-14-14015-100-009.png,4
SOB_M_DC-14-9461-100-028.png,4
SOB_M_DC-14-11951-100-020.png,4
SOB_M_DC-14-2773-100-028.png,4
SOB_M_DC-14-9461-100-031.png,4
SOB_M_DC-14-6241-100-013.png,4
SOB_M_DC-14-5695-100-019.png,4
SOB_M_DC-14-11520-100-021.png,4
SOB_M_DC-14-5695-100-006.png,4
SOB_M_DC-14-3909-100-021.png,4
SOB_M_DC-14-2773-100-017.png,4
SOB_M_DC-14-5287-100-018.png,4
SOB_M_DC-14-17614-100-011.png,4
SOB_M_DC-14-20636-100-024.png,4
SOB_M_DC-14-2980-100-024.png,4
SOB_M_DC-14-9461-100-005.png,4
SOB_M_DC-14-5287-100-009.png,4
SOB_M_DC-14-14015-100-020.png,4
SOB_M_DC-14-16448-100-004.png,4
SOB_M_DC-14-16875-100-013.png,4
SOB_M_DC-14-13412-100-033.png,4
SOB_M_DC-14-20636-100-030.png,4
SOB_M_DC-14-11520-100-025.png,4
SOB_M_DC-14-2773-100-040.png,4
SOB_M_DC-14-15696-100-009.png,4
SOB_M_DC-14-20636-100-037.png,4
SOB_M_DC-14-15696-100-016.png,4
SOB_M_DC-14-2773-100-007.png,4
SOB_M_DC-14-16716-100-034.png,4
SOB_M_DC-14-16188-100-003.png,4
SOB_M_DC-14-15572-100-023.png,4
SOB_M_DC-14-15792-100-008.png,4
SOB_M_DC-14-4364-100-008.png,4
SOB_M_DC-14-14015-100-023.png,4
SOB_M_DC-14-16336-100-012.png,4
SOB_M_DC-14-11520-100-005.png,4
SOB_M_DC-14-2980-100-016.png,4
SOB_M_DC-14-2773-100-036.png,4
SOB_M_DC-14-20629-100-027.png,4
SOB_M_DC-14-16188-100-004.png,4
SOB_M_DC-14-16448-100-002.png,4
SOB_M_DC-14-2523-100-030.png,4
SOB_M_DC-14-2773-100-009.png,4
SOB_M_DC-14-20636-100-002.png,4
SOB_M_DC-14-4372-100-007.png,4
SOB_M_DC-14-13412-100-014.png,4
SOB_M_DC-14-3909-100-023.png,4
SOB_M_DC-14-4372-100-004.png,4
SOB_M_DC-14-6241-100-022.png,4
SOB_M_DC-14-15696-100-004.png,4
SOB_M_DC-14-3909-100-026.png,4
SOB_M_DC-14-2980-100-017.png,4
SOB_M_DC-14-16448-100-014.png,4
SOB_M_DC-14-16336-100-011.png,4
SOB_M_DC-14-18650-100-021.png,4
SOB_M_DC-14-20629-100-005.png,4
SOB_M_DC-14-17901-100-006.png,4
SOB_M_DC-14-4364-100-003.png,4
SOB_M_DC-14-16188-100-019.png,4
SOB_M_DC-14-16448-100-013.png,4
SOB_M_DC-14-2985-100-003.png,4
SOB_M_DC-14-13993-100-005.png,4
SOB_M_DC-14-17614-100-029.png,4
SOB_M_DC-14-2773-100-032.png,4
SOB_M_DC-14-15572-100-022.png,4
SOB_M_DC-14-16601-100-006.png,4
SOB_M_DC-14-2773-100-038.png,4
SOB_M_DC-14-16601-100-001.png,4
SOB_M_DC-14-4372-100-013.png,4
SOB_M_DC-14-5694-100-002.png,4
SOB_M_DC-14-5695-100-012.png,4
SOB_M_DC-14-12312-100-010.png,4
SOB_M_DC-14-8168-100-009.png,4
SOB_M_DC-14-2523-100-035.png,4
SOB_M_DC-14-2523-100-043.png,4
SOB_M_DC-14-16716-100-009.png,4
SOB_M_DC-14-5694-100-018.png,4
SOB_M_DC-14-11031-100-004.png,4
SOB_M_DC-14-13993-100-012.png,4
SOB_M_DC-14-20636-100-008.png,4
SOB_M_DC-14-20636-100-029.png,4
SOB_M_DC-14-5694-100-012.png,4
SOB_M_DC-14-16716-100-033.png,4
SOB_M_DC-14-5695-100-009.png,4
SOB_M_DC-14-13993-100-002.png,4
SOB_M_DC-14-11520-100-024.png,4
SOB_M_DC-14-16716-100-029.png,4
SOB_M_DC-14-20629-100-002.png,4
SOB_M_DC-14-16716-100-025.png,4
SOB_M_DC-14-14015-100-018.png,4
SOB_M_DC-14-2523-100-034.png,4
SOB_M_DC-14-12312-100-022.png,4
SOB_M_DC-14-11951-100-010.png,4
SOB_M_DC-14-9461-100-015.png,4
SOB_M_DC-14-15696-100-005.png,4
SOB_M_DC-14-5695-100-008.png,4
SOB_M_DC-14-16875-100-001.png,4
SOB_M_DC-14-8168-100-004.png,4
SOB_M_DC-14-10926-100-002.png,4
SOB_M_DC-14-20629-100-012.png,4
SOB_M_DC-14-11031-100-003.png,4
SOB_M_DC-14-16875-100-002.png,4
SOB_M_DC-14-2980-100-018.png,4
SOB_M_DC-14-17901-100-024.png,4
SOB_M_DC-14-16716-100-023.png,4
SOB_M_DC-14-5694-100-017.png,4
SOB_M_DC-14-6241-100-010.png,4
SOB_M_DC-14-5287-100-014.png,4
SOB_M_DC-14-15572-100-021.png,4
SOB_M_DC-14-14946-100-001.png,4
SOB_M_DC-14-9461-100-022.png,4
SOB_M_DC-14-13412-100-015.png,4
SOB_M_DC-14-17901-100-003.png,4
SOB_M_DC-14-16448-100-005.png,4
SOB_M_DC-14-20629-100-024.png,4
SOB_M_DC-14-17901-100-020.png,4
SOB_M_DC-14-11520-100-018.png,4
SOB_M_DC-14-11031-100-006.png,4
SOB_M_DC-14-15696-100-002.png,4
SOB_M_DC-14-17901-100-009.png,4
SOB_M_DC-14-16336-100-013.png,4
SOB_M_DC-14-10926-100-005.png,4
SOB_M_DC-14-11520-100-017.png,4
SOB_M_DC-14-13412-100-012.png,4
SOB_M_DC-14-16716-100-031.png,4
SOB_M_DC-14-2773-100-018.png,4
SOB_M_DC-14-16716-100-008.png,4
SOB_M_DC-14-18650-100-006.png,4
SOB_M_LC-14-15570-100-003.png,5
SOB_M_LC-14-15570-100-054.png,5
SOB_M_LC-14-12204-100-034.png,5
SOB_M_LC-14-15570-100-016.png,5
SOB_M_LC-14-15570-100-004.png,5
SOB_M_LC-14-15570-100-006.png,5
SOB_M_LC-14-15570-100-033.png,5
SOB_M_LC-14-13412-100-005.png,5
SOB_M_LC-14-15570-100-005.png,5
SOB_M_LC-14-12204-100-047.png,5
SOB_M_LC-14-15570-100-029.png,5
SOB_M_LC-14-13412-100-010.png,5
SOB_M_LC-14-13412-100-021.png,5
SOB_M_LC-14-16196-100-015.png,5
SOB_M_LC-14-12204-100-048.png,5
SOB_M_LC-14-13412-100-002.png,5
SOB_M_LC-14-15570-100-043.png,5
SOB_M_LC-14-15570-100-039.png,5
SOB_M_LC-14-12204-100-043.png,5
SOB_M_LC-14-15570-100-036.png,5
SOB_M_LC-14-15570C-100-015.png,5
SOB_M_LC-14-16196-100-017.png,5
SOB_M_LC-14-12204-100-051.png,5
SOB_M_LC-14-15570-100-031.png,5
SOB_M_LC-14-15570-100-050.png,5
SOB_M_LC-14-12204-100-039.png,5
SOB_M_LC-14-13412-100-018.png,5
SOB_M_LC-14-15570C-100-020.png,5
SOB_M_LC-14-15570-100-035.png,5
SOB_M_LC-14-15570C-100-011.png,5
SOB_M_LC-14-15570-100-027.png,5
SOB_M_LC-14-13412-100-030.png,5
SOB_M_LC-14-15570-100-053.png,5
SOB_M_LC-14-15570C-100-021.png,5
SOB_M_LC-14-13412-100-027.png,5
SOB_M_LC-14-12204-100-060.png,5
SOB_M_LC-14-15570-100-040.png,5
SOB_M_LC-14-15570C-100-007.png,5
SOB_M_LC-14-12204-100-052.png,5
SOB_M_LC-14-15570-100-008.png,5
SOB_M_LC-14-15570-100-042.png,5
SOB_M_LC-14-15570C-100-016.png,5
SOB_M_LC-14-15570C-100-001.png,5
SOB_M_LC-14-15570-100-048.png,5
SOB_M_LC-14-12204-100-054.png,5
SOB_M_LC-14-15570-100-002.png,5
SOB_M_LC-14-15570-100-019.png,5
SOB_M_LC-14-12204-100-038.png,5
SOB_M_LC-14-15570C-100-003.png,5
SOB_M_LC-14-13412-100-033.png,5
SOB_M_LC-14-13412-100-004.png,5
SOB_M_LC-14-12204-100-015.png,5
SOB_M_LC-14-13412-100-011.png,5
SOB_M_LC-14-15570-100-024.png,5
SOB_M_LC-14-13412-100-031.png,5
SOB_M_LC-14-15570-100-041.png,5
SOB_M_LC-14-12204-100-053.png,5
SOB_M_LC-14-12204-100-055.png,5
SOB_M_LC-14-13412-100-023.png,5
SOB_M_LC-14-15570-100-038.png,5
SOB_M_LC-14-15570-100-032.png,5
SOB_M_LC-14-13412-100-008.png,5
SOB_M_LC-14-12204-100-035.png,5
SOB_M_LC-14-15570C-100-025.png,5
SOB_M_LC-14-13412-100-028.png,5
SOB_M_LC-14-12204-100-032.png,5
SOB_M_LC-14-13412-100-013.png,5
SOB_M_LC-14-15570-100-007.png,5
SOB_M_LC-14-15570-100-011.png,5
SOB_M_LC-14-15570C-100-029.png,5
SOB_M_LC-14-15570-100-028.png,5
SOB_M_LC-14-15570-100-025.png,5
SOB_M_LC-14-15570C-100-014.png,5
SOB_M_LC-14-12204-100-033.png,5
SOB_M_LC-14-13412-100-019.png,5
SOB_M_LC-14-13412-100-029.png,5
SOB_M_LC-14-15570-100-001.png,5
SOB_M_LC-14-16196-100-007.png,5
SOB_M_LC-14-15570-100-014.png,5
SOB_M_LC-14-15570-100-026.png,5
SOB_M_LC-14-15570-100-021.png,5
SOB_M_LC-14-15570-100-047.png,5
SOB_M_LC-14-12204-100-040.png,5
SOB_M_LC-14-15570-100-022.png,5
SOB_M_LC-14-13412-100-025.png,5
SOB_M_LC-14-15570-100-051.png,5
SOB_M_LC-14-16196-100-006.png,5
SOB_M_LC-14-16196-100-004.png,5
SOB_M_LC-14-13412-100-020.png,5
SOB_M_LC-14-16196-100-003.png,5
SOB_M_LC-14-12204-100-056.png,5
SOB_M_LC-14-15570-100-044.png,5
SOB_M_LC-14-12204-100-044.png,5
SOB_M_LC-14-16196-100-011.png,5
SOB_M_LC-14-16196-100-016.png,5
SOB_M_LC-14-13412-100-032.png,5
SOB_M_LC-14-15570-100-009.png,5
SOB_M_LC-14-15570C-100-027.png,5
SOB_M_LC-14-13412-100-007.png,5
SOB_M_LC-14-13412-100-006.png,5
SOB_M_LC-14-15570C-100-035.png,5
SOB_M_LC-14-13412-100-024.png,5
SOB_M_LC-14-12204-100-057.png,5
SOB_M_LC-14-15570C-100-028.png,5
SOB_M_LC-14-13412-100-003.png,5
SOB_M_LC-14-15570C-100-009.png,5
SOB_M_LC-14-12204-100-061.png,5
SOB_M_LC-14-13412-100-014.png,5
SOB_M_LC-14-15570-100-046.png,5
SOB_M_LC-14-12204-100-037.png,5
SOB_M_LC-14-16196-100-005.png,5
SOB_M_LC-14-13412-100-026.png,5
SOB_M_LC-14-13412-100-022.png,5
SOB_M_LC-14-16196-100-012.png,5
SOB_M_LC-14-15570C-100-033.png,5
SOB_M_LC-14-15570C-100-031.png,5
SOB_M_LC-14-13412-100-012.png,5
SOB_M_LC-14-15570-100-015.png,5
SOB_M_LC-14-16196-100-010.png,5
SOB_M_LC-14-13412-100-001.png,5
SOB_M_LC-14-15570C-100-026.png,5
SOB_M_LC-14-16196-100-013.png,5
SOB_M_LC-14-15570C-100-018.png,5
SOB_M_LC-14-12204-100-036.png,5
SOB_M_LC-14-13412-100-015.png,5
SOB_M_LC-14-15570-100-023.png,5
SOB_M_LC-14-16196-100-008.png,5
SOB_M_LC-14-15570C-100-005.png,5
SOB_M_LC-14-15570-100-052.png,5
SOB_M_LC-14-12204-100-050.png,5
SOB_M_LC-14-15570-100-020.png,5
SOB_M_LC-14-12204-100-042.png,5
SOB_M_LC-14-15570C-100-004.png,5
SOB_M_LC-14-16196-100-002.png,5
SOB_M_LC-14-13412-100-016.png,5
SOB_M_LC-14-15570C-100-019.png,5
SOB_M_MC-14-12773-100-011.png,6
SOB_M_MC-14-13413-100-016.png,6
SOB_M_MC-14-16456-100-001.png,6
SOB_M_MC-14-16456-100-007.png,6
SOB_M_MC-14-18842-100-017.png,6
SOB_M_MC-14-16456-100-081.png,6
SOB_M_MC-14-19979C-100-005.png,6
SOB_M_MC-14-19979-100-016.png,6
SOB_M_MC-14-13413-100-019.png,6
SOB_M_MC-14-13413-100-011.png,6
SOB_M_MC-14-19979-100-007.png,6
SOB_M_MC-14-12773-100-013.png,6
SOB_M_MC-14-12773-100-022.png,6
SOB_M_MC-14-12773-100-024.png,6
SOB_M_MC-14-10147-100-003.png,6
SOB_M_MC-14-18842-100-022.png,6
SOB_M_MC-14-12773-100-006.png,6
SOB_M_MC-14-18842-100-021.png,6
SOB_M_MC-14-13418DE-100-009.png,6
SOB_M_MC-14-19979C-100-004.png,6
SOB_M_MC-14-13413-100-028.png,6
SOB_M_MC-14-13418DE-100-007.png,6
SOB_M_MC-14-13418DE-100-002.png,6
SOB_M_MC-14-18842D-100-016.png,6
SOB_M_MC-14-12773-100-003.png,6
SOB_M_MC-14-12773-100-021.png,6
SOB_M_MC-14-18842-100-016.png,6
SOB_M_MC-14-18842-100-008.png,6
SOB_M_MC-14-18842-100-002.png,6
SOB_M_MC-14-13413-100-039.png,6
SOB_M_MC-14-13413-100-025.png,6
SOB_M_MC-14-13413-100-037.png,6
SOB_M_MC-14-12773-100-004.png,6
SOB_M_MC-14-13418DE-100-008.png,6
SOB_M_MC-14-16456-100-056.png,6
SOB_M_MC-14-18842-100-005.png,6
SOB_M_MC-14-10147-100-002.png,6
SOB_M_MC-14-18842-100-019.png,6
SOB_M_MC-14-16456-100-003.png,6
SOB_M_MC-14-16456-100-073.png,6
SOB_M_MC-14-19979-100-008.png,6
SOB_M_MC-14-16456-100-066.png,6
SOB_M_MC-14-13413-100-036.png,6
SOB_M_MC-14-18842-100-015.png,6
SOB_M_MC-14-13413-100-018.png,6
SOB_M_MC-14-13413-100-021.png,6
SOB_M_MC-14-13413-100-026.png,6
SOB_M_MC-14-13413-100-003.png,6
SOB_M_MC-14-16456-100-077.png,6
SOB_M_MC-14-12773-100-001.png,6
SOB_M_MC-14-19979C-100-007.png,6
SOB_M_MC-14-18842D-100-009.png,6
SOB_M_MC-14-18842D-100-003.png,6
SOB_M_MC-14-18842-100-004.png,6
SOB_M_MC-14-18842-100-020.png,6
SOB_M_MC-14-19979-100-024.png,6
SOB_M_MC-14-12773-100-025.png,6
SOB_M_MC-14-16456-100-064.png,6
SOB_M_MC-14-12773-100-002.png,6
SOB_M_MC-14-18842D-100-001.png,6
SOB_M_MC-14-12773-100-018.png,6
SOB_M_MC-14-19979-100-006.png,6
SOB_M_MC-14-18842-100-012.png,6
SOB_M_MC-14-12773-100-019.png,6
SOB_M_MC-14-10147-100-006.png,6
SOB_M_MC-14-19979-100-021.png,6
SOB_M_MC-14-13418DE-100-006.png,6
SOB_M_MC-14-16456-100-082.png,6
SOB_M_MC-14-13413-100-020.png,6
SOB_M_MC-14-10147-100-007.png,6
SOB_M_MC-14-13413-100-005.png,6
SOB_M_MC-14-16456-100-076.png,6
SOB_M_MC-14-16456-100-004.png,6
SOB_M_MC-14-19979C-100-012.png,6
SOB_M_MC-14-13413-100-035.png,6
SOB_M_MC-14-16456-100-010.png,6
SOB_M_MC-14-12773-100-010.png,6
SOB_M_MC-14-13413-100-014.png,6
SOB_M_MC-14-13413-100-023.png,6
SOB_M_MC-14-13413-100-030.png,6
SOB_M_MC-14-16456-100-062.png,6
SOB_M_MC-14-19979C-100-009.png,6
SOB_M_MC-14-18842-100-001.png,6
SOB_M_MC-14-19979-100-025.png,6
SOB_M_MC-14-13413-100-038.png,6
SOB_M_MC-14-13418DE-100-014.png,6
SOB_M_MC-14-19979-100-020.png,6
SOB_M_MC-14-19979-100-022.png,6
SOB_M_MC-14-19979-100-010.png,6
SOB_M_MC-14-12773-100-007.png,6
SOB_M_MC-14-16456-100-068.png,6
SOB_M_MC-14-19979-100-011.png,6
SOB_M_MC-14-16456-100-059.png,6
SOB_M_MC-14-19979-100-023.png,6
SOB_M_MC-14-13413-100-009.png,6
SOB_M_MC-14-19979C-100-013.png,6
SOB_M_MC-14-19979-100-013.png,6
SOB_M_MC-14-19979C-100-006.png,6
SOB_M_MC-14-16456-100-009.png,6
SOB_M_MC-14-19979-100-018.png,6
SOB_M_MC-14-18842-100-009.png,6
SOB_M_MC-14-18842D-100-015.png,6
SOB_M_MC-14-16456-100-014.png,6
SOB_M_MC-14-16456-100-067.png,6
SOB_M_MC-14-10147-100-010.png,6
SOB_M_MC-14-18842-100-014.png,6
SOB_M_MC-14-13413-100-041.png,6
SOB_M_MC-14-16456-100-070.png,6
SOB_M_MC-14-13413-100-015.png,6
SOB_M_MC-14-13418DE-100-005.png,6
SOB_M_MC-14-16456-100-069.png,6
SOB_M_MC-14-16456-100-008.png,6
SOB_M_MC-14-16456-100-012.png,6
SOB_M_MC-14-19979C-100-008.png,6
SOB_M_MC-14-12773-100-020.png,6
SOB_M_MC-14-18842D-100-002.png,6
SOB_M_MC-14-13418DE-100-010.png,6
SOB_M_MC-14-18842D-100-012.png,6
SOB_M_MC-14-19979C-100-003.png,6
SOB_M_MC-14-16456-100-017.png,6
SOB_M_MC-14-19979-100-001.png,6
SOB_M_MC-14-16456-100-052.png,6
SOB_M_MC-14-16456-100-015.png,6
SOB_M_MC-14-16456-100-053.png,6
SOB_M_MC-14-18842-100-013.png,6
SOB_M_MC-14-10147-100-004.png,6
SOB_M_MC-14-18842D-100-008.png,6
SOB_M_MC-14-16456-100-006.png,6
SOB_M_MC-14-18842D-100-010.png,6
SOB_M_MC-14-16456-100-054.png,6
SOB_M_MC-14-18842-100-018.png,6
SOB_M_MC-14-16456-100-075.png,6
SOB_M_MC-14-16456-100-005.png,6
SOB_M_MC-14-19979-100-017.png,6
SOB_M_MC-14-16456-100-051.png,6
SOB_M_MC-14-19979C-100-014.png,6
SOB_M_MC-14-13413-100-004.png,6
SOB_M_MC-14-12773-100-015.png,6
SOB_M_MC-14-13413-100-010.png,6
SOB_M_MC-14-19979C-100-010.png,6
SOB_M_MC-14-13413-100-031.png,6
SOB_M_MC-14-18842-100-007.png,6
SOB_M_MC-14-16456-100-058.png,6
SOB_M_MC-14-13418DE-100-003.png,6
SOB_M_MC-14-18842D-100-004.png,6
SOB_M_MC-14-16456-100-061.png,6
SOB_M_MC-14-13413-100-034.png,6
SOB_M_MC-14-18842-100-006.png,6
SOB_M_MC-14-12773-100-012.png,6
SOB_M_MC-14-13413-100-017.png,6
SOB_M_MC-14-16456-100-055.png,6
SOB_M_MC-14-13413-100-027.png,6
SOB_M_MC-14-19979-100-002.png,6
SOB_M_MC-14-12773-100-005.png,6
SOB_M_MC-14-16456-100-013.png,6
SOB_M_MC-14-19979C-100-002.png,6
SOB_M_MC-14-13418DE-100-012.png,6
SOB_M_MC-14-18842D-100-006.png,6
SOB_M_MC-14-13418DE-100-001.png,6
SOB_M_MC-14-16456-100-063.png,6
SOB_M_MC-14-13413-100-013.png,6
SOB_M_MC-14-13413-100-032.png,6
SOB_M_MC-14-13413-100-029.png,6
SOB_M_MC-14-10147-100-001.png,6
SOB_M_MC-14-18842-100-003.png,6
SOB_M_MC-14-16456-100-074.png,6
SOB_M_MC-14-19979-100-027.png,6
SOB_M_MC-14-13413-100-033.png,6
SOB_M_MC-14-16456-100-011.png,6
SOB_M_MC-14-19979-100-003.png,6
SOB_M_MC-14-19979-100-005.png,6
SOB_M_MC-14-16456-100-079.png,6
SOB_M_MC-14-18842D-100-011.png,6
SOB_M_MC-14-10147-100-012.png,6
SOB_M_MC-14-12773-100-023.png,6
SOB_M_MC-14-13413-100-008.png,6
SOB_M_MC-14-12773-100-016.png,6
SOB_M_MC-14-16456-100-078.png,6
SOB_M_PC-14-12465-100-013.png,7
SOB_M_PC-14-19440-100-019.png,7
SOB_M_PC-14-15704-100-004.png,7
SOB_M_PC-14-15704-100-027.png,7
SOB_M_PC-14-15687B-100-009.png,7
SOB_M_PC-14-19440-100-020.png,7
SOB_M_PC-14-19440-100-014.png,7
SOB_M_PC-14-15687B-100-006.png,7
SOB_M_PC-14-19440-100-003.png,7
SOB_M_PC-14-9146-100-012.png,7
SOB_M_PC-14-15704-100-026.png,7
SOB_M_PC-14-15704-100-018.png,7
SOB_M_PC-14-15687B-100-001.png,7
SOB_M_PC-14-15687B-100-014.png,7
SOB_M_PC-14-19440-100-026.png,7
SOB_M_PC-14-15687B-100-015.png,7
SOB_M_PC-15-190EF-100-002.png,7
SOB_M_PC-14-12465-100-006.png,7
SOB_M_PC-14-15704-100-010.png,7
SOB_M_PC-14-9146-100-019.png,7
SOB_M_PC-14-12465-100-019.png,7
SOB_M_PC-14-12465-100-009.png,7
SOB_M_PC-14-12465-100-007.png,7
SOB_M_PC-14-15704-100-005.png,7
SOB_M_PC-14-19440-100-007.png,7
SOB_M_PC-14-9146-100-017.png,7
SOB_M_PC-14-9146-100-009.png,7
SOB_M_PC-14-19440-100-018.png,7
SOB_M_PC-14-19440-100-005.png,7
SOB_M_PC-15-190EF-100-007.png,7
SOB_M_PC-14-12465-100-017.png,7
SOB_M_PC-14-12465-100-001.png,7
SOB_M_PC-14-19440-100-025.png,7
SOB_M_PC-14-12465-100-021.png,7
SOB_M_PC-14-19440-100-002.png,7
SOB_M_PC-15-190EF-100-011.png,7
SOB_M_PC-14-15687B-100-013.png,7
SOB_M_PC-14-15704-100-023.png,7
SOB_M_PC-14-19440-100-004.png,7
SOB_M_PC-14-15704-100-009.png,7
SOB_M_PC-14-15704-100-003.png,7
SOB_M_PC-14-19440-100-030.png,7
SOB_M_PC-14-19440-100-022.png,7
SOB_M_PC-14-15687B-100-002.png,7
SOB_M_PC-14-15704-100-015.png,7
SOB_M_PC-14-12465-100-012.png,7
SOB_M_PC-14-12465-100-010.png,7
SOB_M_PC-15-190EF-100-008.png,7
SOB_M_PC-14-15687B-100-007.png,7
SOB_M_PC-14-12465-100-020.png,7
SOB_M_PC-15-190EF-100-012.png,7
SOB_M_PC-14-15704-100-006.png,7
SOB_M_PC-14-15704-100-021.png,7
SOB_M_PC-14-15687B-100-008.png,7
SOB_M_PC-15-190EF-100-014.png,7
SOB_M_PC-14-12465-100-016.png,7
SOB_M_PC-15-190EF-100-010.png,7
SOB_M_PC-14-9146-100-001.png,7
SOB_M_PC-14-9146-100-008.png,7
SOB_M_PC-15-190EF-100-006.png,7
SOB_M_PC-14-19440-100-023.png,7
SOB_M_PC-14-15704-100-011.png,7
SOB_M_PC-14-19440-100-017.png,7
SOB_M_PC-14-15704-100-022.png,7
SOB_M_PC-14-15687B-100-010.png,7
SOB_M_PC-14-19440-100-010.png,7
SOB_M_PC-14-15704-100-020.png,7
SOB_M_PC-14-19440-100-001.png,7
SOB_M_PC-14-9146-100-021.png,7
SOB_M_PC-15-190EF-100-015.png,7
SOB_M_PC-14-15704-100-016.png,7
SOB_M_PC-14-19440-100-029.png,7
SOB_M_PC-15-190EF-100-013.png,7
SOB_M_PC-14-15687B-100-004.png,7
SOB_M_PC-14-15704-100-002.png,7
SOB_M_PC-14-9146-100-003.png,7
SOB_M_PC-14-9146-100-016.png,7
SOB_M_PC-14-12465-100-008.png,7
SOB_M_PC-14-15704-100-013.png,7
SOB_M_PC-14-19440-100-013.png,7
SOB_M_PC-14-19440-100-021.png,7
SOB_M_PC-14-12465-100-003.png,7
SOB_M_PC-14-15704-100-025.png,7
SOB_M_PC-15-190EF-100-004.png,7
SOB_M_PC-14-12465-100-004.png,7
SOB_M_PC-14-19440-100-038.png,7
SOB_M_PC-14-9146-100-022.png,7
SOB_M_PC-14-15704-100-029.png,7
SOB_M_PC-14-19440-100-008.png,7
SOB_M_PC-14-19440-100-016.png,7
SOB_M_PC-14-9146-100-006.png,7
SOB_M_PC-14-15704-100-008.png,7
SOB_M_PC-14-19440-100-032.png,7
SOB_M_PC-15-190EF-100-003.png,7
SOB_M_PC-14-12465-100-002.png,7
SOB_M_PC-14-19440-100-024.png,7
SOB_M_PC-14-19440-100-037.png,7
SOB_M_PC-14-19440-100-027.png,7
SOB_M_PC-14-15704-100-007.png,7
SOB_M_PC-14-15687B-100-003.png,7
SOB_M_PC-14-9146-100-014.png,7
SOB_M_PC-14-19440-100-036.png,7
SOB_M_PC-14-9146-100-002.png,7
SOB_M_PC-14-15687B-100-016.png,7
SOB_M_PC-14-19440-100-015.png,7
SOB_M_PC-14-12465-100-014.png,7
SOB_M_PC-14-15704-100-019.png,7
SOB_M_PC-14-15704-100-028.png,7
SOB_M_PC-14-15704-100-024.png,7
SOB_M_PC-14-15687B-100-012.png,7
SOB_M_PC-15-190EF-100-005.png,7
SOB_M_PC-14-12465-100-005.png,7
SOB_M_PC-14-19440-100-035.png,7
SOB_M_PC-15-190EF-100-001.png,7
